<?xml version="1.0"?>
<doc>
    <assembly>
        <name>SpyderClientSharedLibrary</name>
    </assembly>
    <members>
        <member name="F:Spyder.Client.Common.CommandKey.scriptID">
            <summary>
            Associated Script ID for this command key
            </summary>
        </member>
        <member name="F:Spyder.Client.Common.CommandKey.isRelative">
            <summary>
            Determines if the command key uses a relative script
            </summary>
        </member>
        <member name="F:Spyder.Client.Common.FrontPanelDisplayCommand.Initializing">
            <summary>
            Initial Message to take over display
            </summary>
        </member>
        <member name="F:Spyder.Client.Common.FrontPanelDisplayCommand.Status">
            <summary>
            Status Message
            </summary>
        </member>
        <member name="P:Spyder.Client.Common.RouterSalvo.Salvos">
            <summary>
            List of inputs, keyed by output
            </summary>
        </member>
        <member name="M:Spyder.Client.Common.Shape.ToShapeFileString">
            <summary>
            Builds a full shape definition in the ".shape" file format
            </summary>
            <returns></returns>
        </member>
        <member name="F:Spyder.Client.Common.Register.type">
            <summary>
            Type of Register instance
            </summary>
        </member>
        <member name="F:Spyder.Client.Common.Register.name">
            <summary>
            Item name
            </summary>
        </member>
        <member name="F:Spyder.Client.Common.Register.registerID">
            <summary>
            Register location Index
            </summary>
        </member>
        <member name="P:Spyder.Client.Common.Register.PageIndex">
            <summary>
            Page index for item
            </summary>
        </member>
        <member name="M:Spyder.Client.Common.Router.ClearRouterOutputPatch(System.Int32)">
            <summary>
            Disconnects an output from any downstream patch association
            </summary>
            <param name="physicalOutput"></param>
        </member>
        <member name="M:Spyder.Client.Common.Router.SetRouterOutputPatch(System.Int32,System.Int32,System.Int32)">
            <summary>
            Creates a patch assignment between a physical output and a downstream router's input
            </summary>
        </member>
        <member name="T:Spyder.Client.Common.ShapeType">
            <summary>
            Contains a list of shapes defined as XAML markup and embedded within the Vista library
            </summary>
        </member>
        <member name="T:Spyder.Client.Common.TextureType">
            <summary>
            A list of texture types backed by images embedded within the Vista.dll
            </summary>
        </member>
        <member name="M:Spyder.Client.Common.SystemData.ParseList``1(System.Xml.Linq.XDocument,Spyder.Client.Common.RegisterType,System.Func{System.Collections.Generic.IEnumerable{``0}},System.Func{System.Collections.Generic.List{``0},Spyder.Client.Common.IRegister,``0})">
            <summary>
            Parses items from a list, and appends register properties from the associated register list
            </summary>
        </member>
        <member name="P:Spyder.Client.Images.CreateImageRequestEventArgs.ImageSize">
            <summary>
            Target size of generated image being requested
            </summary>
        </member>
        <member name="P:Spyder.Client.Images.CreateImageRequestEventArgs.Handled">
            <summary>
            Boolean flag that must be set by a handling party to indicate that the request is being processed
            </summary>
        </member>
        <member name="F:Spyder.Client.Images.ImageSize.Native">
            <summary>
            Native image size (No scaling)
            </summary>
        </member>
        <member name="F:Spyder.Client.Images.ImageSize.ExtraSmall">
            <summary>
            32x32 pixel image
            </summary>
        </member>
        <member name="F:Spyder.Client.Images.ImageSize.Small">
            <summary>
            128x128 pixel image
            </summary>
        </member>
        <member name="F:Spyder.Client.Images.ImageSize.Medium">
            <summary>
            512x512 pixel image
            </summary>
        </member>
        <member name="F:Spyder.Client.Images.ImageSize.Large">
            <summary>
            2048x2048 image
            </summary>
        </member>
        <member name="P:Spyder.Client.Images.ProcessImageStreamEventArgs`2.Identifier">
            <summary>
            Key used to identify the resource associated with the stream being processed
            </summary>
        </member>
        <member name="P:Spyder.Client.Images.ProcessImageStreamEventArgs`2.Stream">
            <summary>
            Source image stream, which needs to be turned into the type of T
            </summary>
        </member>
        <member name="P:Spyder.Client.Images.ProcessImageStreamEventArgs`2.Result">
            <summary>
            Resulting T item created by the provided stream.
            </summary>
        </member>
        <member name="M:Spyder.Client.Images.QFTThumbnailManagerBase`3.#ctor(System.Func{Knightware.Net.Sockets.IStreamSocket},PCLStorage.IFolder)">
            <summary>
            Initiliazes a new instance of the QFTThumbnailManagerBase class
            </summary>
            <param name="localImagesFolder">root directory for storing downloaded images (cache).  Subfolders will be created for each sub-server IP.</param>
        </member>
        <member name="T:Spyder.Client.Images.ThumbnailImageBase`2">
            <summary>
            Represents a generic container for an image which can be requested at small, medium, and large sizes
            </summary>
            <typeparam name="T">ImageType represented by this class.  BitmapSource is an example of this value.</typeparam>
            <typeparam name="K">Key type used to uniquely identify this image class.  An example could be a string filename, or URI</typeparam>
        </member>
        <member name="E:Spyder.Client.Images.ThumbnailImageBase`2.CreateImageRequested">
            <summary>
            Event raised indicating that an image file needs to be requested
            </summary>
        </member>
        <member name="P:Spyder.Client.Images.ThumbnailImageBase`2.Dispatcher">
            <summary>
            Dispatcher associated with this item
            </summary>
        </member>
        <member name="P:Spyder.Client.Images.ThumbnailImageBase`2.Key">
            <summary>
            Key field used to uniquely identify this resource.  Could be a string 
            </summary>
        </member>
        <member name="M:Spyder.Client.Images.ThumbnailImageBase`2.GetDefaultImage(Spyder.Client.Images.ImageSize)">
            <summary>
            Returns a default image, which is used when an image being requested is not available
            </summary>
        </member>
        <member name="M:Spyder.Client.Images.ThumbnailImageBase`2.SetImage(Spyder.Client.Images.ImageSize,`1)">
            <summary>
            Sets the internal reference for an internally stored image, and raises the corresponding image change property change event
            </summary>
            <param name="size">Size of the target image</param>
            <param name="image">Resulting image to store</param>
        </member>
        <member name="T:Spyder.Client.Images.ThumbnailManagerBase`3">
            <summary>
            Manages the generic management of loading images for a user interface.
            </summary>
            <typeparam name="T">Image type being loaded by this class.  Example would be BitmapSource.</typeparam>
            <typeparam name="K">Key type used to uniquely identify images. Example could be a string filename.</typeparam>
            <typeparam name="U">U is the ThumbnailImageType being managed by this manager</typeparam>
        </member>
        <member name="M:Spyder.Client.Images.ThumbnailManagerBase`3.GenerateImageAsync(`0,Spyder.Client.Images.ImageSize)">
            <summary>
            Generates and returns an image for a supplied thumbnailImage instance, at a specified target size
            </summary>
        </member>
        <member name="P:Spyder.Client.Images.ThumbnailManagerBase`3.ThumbnailListItem.ThumbnailImage">
            <summary>
            Requesting thumbnail image object
            </summary>
        </member>
        <member name="P:Spyder.Client.Images.ThumbnailManagerBase`3.ThumbnailListItem.Size">
            <summary>
            Targeted size of image being requested
            </summary>
        </member>
        <member name="T:Spyder.Client.IO.IGZipStreamDecompressor">
            <summary>
            Interface used to identify a decompression algorithm for a GZip compressed stream
            </summary>
        </member>
        <member name="E:Spyder.Client.IO.XmlDeserializer.ElementReadFailed">
            <summary>
            Event raised when a read request fails, returning a default value
            </summary>
        </member>
        <member name="T:Spyder.Client.IO.IStreamDecompressor">
            <summary>
            Decompresses a provided zip stream
            </summary>
        </member>
        <member name="M:Spyder.Client.Models.RenderLayer.CreateFrom(Spyder.Client.Net.DrawingData.DrawingData,Spyder.Client.Scripting.ScriptElement,System.Int32,Spyder.Client.Models.IRenderSceneDataProvider,Spyder.Client.Models.StackupProviders.IStackupProvider)">
            <summary>
            Builds a collection of render layers which represent a specific cue of a provided script element
            </summary>
        </member>
        <member name="T:Spyder.Client.Models.RenderScene">
            <summary>
            Displays a resulting rendering of a specified DrawingData and/or script cue
            </summary>
        </member>
        <member name="T:Spyder.Client.Models.SpyderClientRenderSceneDataProvider">
            <summary>
            Class that provides Spyder system data used for generating a RenderScene
            </summary>
        </member>
        <member name="E:Spyder.Client.Models.StackupProviders.IStackupProvider.StackupInvalidated">
            <summary>
            Event raised with the Stackup map for the provider has changed
            </summary>
        </member>
        <member name="M:Spyder.Client.Models.StackupProviders.IStackupProvider.GenerateOffsetRect(Knightware.Primitives.Rectangle,System.Int32)">
            <summary>
            Translates a provided rectangle from a native coordinate space into the correlating stackup location
            </summary>
            <returns>Translated rectangle into the current stackup, or an empty rectangle if the PixelSpace is not visible</returns>
        </member>
        <member name="T:Spyder.Client.Models.StackupProviders.NativeStackup">
            <summary>
            For testing purposes - returns a native/pass-thru rectangle environment
            </summary>
        </member>
        <member name="P:Spyder.Client.Models.StackupProviders.PreviewProgramStackup.ShowPreview">
            <summary>
            Determines if preview pixelspaces should be included in the stackup
            </summary>
        </member>
        <member name="P:Spyder.Client.Models.StackupProviders.PreviewProgramStackup.StackupMap.OriginalPosition">
            <summary>
            Original position associated with the PixelSpaceID
            </summary>
        </member>
        <member name="P:Spyder.Client.Models.StackupProviders.PreviewProgramStackup.StackupMap.OriginalSize">
            <summary>
            Original size associated with the PixelSpaceID
            </summary>
        </member>
        <member name="P:Spyder.Client.Models.StackupProviders.PreviewProgramStackup.StackupMap.NewPosition">
            <summary>
            New position of the pixelspace in the stackup
            </summary>
        </member>
        <member name="P:Spyder.Client.Models.StackupProviders.PreviewProgramStackup.StackupMap.Scale">
            <summary>
            Scale ratio to be applied to a rectangle/point being translated into the stackup space
            </summary>
        </member>
        <member name="F:Spyder.Client.Net.AspectRatioAdjustmentType.SetLayerAspectRatio">
            <summary>
            Modify the layer keyframe aspect ratio based on the source content aspect ratio to achieve a desired overall aspect ratio
            </summary>
        </member>
        <member name="F:Spyder.Client.Net.AspectRatioAdjustmentType.SetKeyFrameAspectRatio">
            <summary>
            Directly set the aspect ratio offset in the keyframe
            </summary>
        </member>
        <member name="F:Spyder.Client.Net.AspectRatioAdjustmentType.OffsetKeyFrameAspectRatio">
            <summary>
            Add/Subtract a specified value from the current layer keyframe aspect ratio offset
            </summary>
        </member>
        <member name="T:Spyder.Client.Net.DrawingData.Deserializers.DrawingDataDeserializer_Version8">
            <summary>
            Deserializes DrawingData messages in the version 8 (Version 2.10.8) serialization format
            </summary>
        </member>
        <member name="T:Spyder.Client.Net.DrawingData.Deserializers.DrawingDataDeserializer_Version20">
            <summary>
            Deserializes DrawingData messages in the version 20 serialization format
            </summary>
        </member>
        <member name="T:Spyder.Client.Net.DrawingData.Deserializers.DrawingDataDeserializer">
            <summary>
            Manages a collection of network packets and deserializes them to drawing data objects when available
            </summary>
        </member>
        <member name="E:Spyder.Client.Net.DrawingData.Deserializers.DrawingDataDeserializer.DrawingDataDeserialized">
            <summary>
            Event raised when a new DrawingData object has been deserialized
            </summary>
        </member>
        <member name="T:Spyder.Client.Net.DrawingData.Deserializers.DrawingDataDeserializer_Version19">
            <summary>
            Deserializes DrawingData messages in the version 19 serialization format
            </summary>
        </member>
        <member name="T:Spyder.Client.Net.DrawingData.DrawingData">
            <summary>
            Contains realtime information transmitted from a Spyder server
            </summary>
        </member>
        <member name="T:Spyder.Client.Net.ISpyderClientExtended">
            <summary>
            Extends the basic functionality in the ISpyderClient; adds functionality available in native interfaces to the Spyder server
            </summary>
        </member>
        <member name="P:Spyder.Client.Net.ISpyderClientExtended.DrawingDataThrottleInterval">
            <summary>
            Defines a throttle for maximum drawing data event raising (per Spyder server).  Setting to 1 second, for example, will ensure DrawingData does not fire more than once per second.  Set to TimeSpan.Zero (default) to disable throttling.
            </summary>
        </member>
        <member name="P:Spyder.Client.Net.Notifications.DataObjectChangedEventArgs.ServerIP">
            <summary>
            Source Spyder server IP address
            </summary>
        </member>
        <member name="P:Spyder.Client.Net.Notifications.DataObjectChangedEventArgs.Version">
            <summary>
            Current DataObject version at Spyder server
            </summary>
        </member>
        <member name="P:Spyder.Client.Net.Notifications.DataObjectChangedEventArgs.ChangedDataTypes">
            <summary>
            Flags enum of the data types changed witht the current version
            </summary>
        </member>
        <member name="T:Spyder.Client.Net.Notifications.SpyderServerAnnounceInformation">
            <summary>
            Contains information about a Spyder server on the network
            </summary>
        </member>
        <member name="T:Spyder.Client.Net.Notifications.SpyderServerEventListenerBase">
            <summary>
            Listens for UDP multicast / broadcast messages from Spyder servers
            </summary>
        </member>
        <member name="P:Spyder.Client.Net.Notifications.SpyderServerEventListenerBase.DrawingDataThrottleInterval">
            <summary>
            Defines a throttle for maximum drawing data event raising (per Spyder server).  Setting to 1 second, for example, will ensure DrawingData does not fire more than once per second.  Set to TimeSpan.Zero (default) to disable throttling.
            </summary>
        </member>
        <member name="E:Spyder.Client.Net.Notifications.SpyderServerEventListenerBase.ServerAnnounceMessageReceived">
            <summary>
            Raised when a server sends an announcement message onto the network
            </summary>
        </member>
        <member name="T:Spyder.Client.Net.SpyderClient">
            <summary>
            Enhances UDP version of Spyder client to provide more detailed system data
            </summary>
        </member>
        <member name="P:Spyder.Client.Net.SpyderClient.DrawingDataThrottleInterval">
            <summary>
            Defines a throttle for maximum drawing data event raising (per Spyder server).  Setting to 1 second, for example, will ensure DrawingData does not fire more than once per second.  Set to TimeSpan.Zero (default) to disable throttling.
            </summary>
        </member>
        <member name="T:Spyder.Client.Net.BindableSpyderClient">
            <summary>
            Wraps a SpyderClient instance and provides additional bindable collections from a Spyder server
            </summary>
        </member>
        <member name="P:Spyder.Client.Net.BindableSpyderClient.DrawingDataThrottleInterval">
            <summary>
            Defines a throttle for maximum drawing data event raising (per Spyder server).  Setting to 1 second, for example, will ensure DrawingData does not fire more than once per second.  Set to TimeSpan.Zero (default) to disable throttling.
            </summary>
        </member>
        <member name="M:Spyder.Client.Net.BindableSpyderClient.UpdateList``1(System.Threading.Tasks.Task{System.Collections.Generic.IEnumerable{``0}},System.Action{System.Collections.ObjectModel.ObservableCollection{``0}})">
            <summary>
            Updates a collection using the update method action parameter, using a provided task result dispatched to the UI thread
            </summary>
            <typeparam name="T"></typeparam>
            <param name="newCollectionTask"></param>
            <param name="updateMethod"></param>
        </member>
        <member name="M:Spyder.Client.Net.ISpyderClient.AdjustLayerOutsideSoftness(System.Int32,System.Int32)">
            <summary>
            Sets outside softness on the layer.  When a non-zero value is entered, border settings will be disabled
            </summary>
            <param name="layerID">LayerID to adjust</param>
            <param name="outsideSoftnessThickness">Outside softness in pixels (0-255)</param>
            <returns></returns>
        </member>
        <member name="M:Spyder.Client.Net.ISpyderClient.AdjustLayerBorder(System.Int32,System.Int32)">
            <summary>
            Adjusts the border properties of a layer
            </summary>
            <param name="layerID">LayerID to adjust</param>
            <param name="borderThickness">Width of border in pixels (0-255)</param>
        </member>
        <member name="M:Spyder.Client.Net.ISpyderClient.AdjustLayerBorder(System.Int32,System.Int32,Knightware.Primitives.Color)">
            <summary>
            Adjusts the border properties of a layer
            </summary>
            <param name="layerID">LayerID to adjust</param>
            <param name="borderThickness">Width of border in pixels (0-255)</param>
            <param name="borderColor">Border color</param>
        </member>
        <member name="M:Spyder.Client.Net.ISpyderClient.AdjustLayerBorder(System.Int32,System.Int32,Knightware.Primitives.Color,System.Int32,System.Int32)">
            <summary>
            Adjusts the border properties of a layer
            </summary>
            <param name="layerID">LayerID to adjust</param>
            <param name="borderThickness">Width of border in pixels (0-255)</param>
            <param name="borderColor">Border color</param>
            <param name="hBevel">Luminance offset for left/right border edges (0-255)</param>
            <param name="vBevel">Luminance offset for top/bottom border edges (0-255)</param>
        </member>
        <member name="M:Spyder.Client.Net.ISpyderClient.AdjustLayerBorder(System.Int32,System.Int32,Knightware.Primitives.Color,System.Int32,System.Int32,System.Int32)">
            <summary>
            Adjusts the border properties of a layer
            </summary>
            <param name="layerID">LayerID to adjust</param>
            <param name="borderThickness">Width of border in pixels (0-255)</param>
            <param name="borderColor">Border color</param>
            <param name="hBevel">Luminance offset for left/right border edges (0-255)</param>
            <param name="vBevel">Luminance offset for top/bottom border edges (0-255)</param>
            <param name="insideSoftness">Number of pixels to blend the border into the source image (0-255)</param>
            <returns></returns>
        </member>
        <member name="M:Spyder.Client.Net.ISpyderClient.AdjustLayerShadow(System.Int32,System.Int32,System.Int32)">
            <summary>
            Adjusts shadow properties on a layer
            </summary>
            <param name="layerID">LayerID to adjust</param>
            <param name="hPosition">Horizontal offset position of shadow (0-255)</param>
            <param name="vPosition">Vertical offset position of shadow (0-255)</param>
        </member>
        <member name="M:Spyder.Client.Net.ISpyderClient.AdjustLayerShadow(System.Int32,System.Int32,System.Int32,System.Int32)">
            <summary>
            Adjusts shadow properties on a layer
            </summary>
            <param name="layerID">LayerID to adjust</param>
            <param name="hPosition">Horizontal offset position of shadow (0-255)</param>
            <param name="vPosition">Vertical offset position of shadow (0-255)</param>
            <param name="size">Width of shadow, added to the width of the layer (0-255)</param>
        </member>
        <member name="M:Spyder.Client.Net.ISpyderClient.AdjustLayerShadow(System.Int32,System.Int32,System.Int32,System.Int32,System.Int32)">
            <summary>
            Adjusts shadow properties on a layer
            </summary>
            <param name="layerID">LayerID to adjust</param>
            <param name="hPosition">Horizontal offset position of shadow (0-255)</param>
            <param name="vPosition">Vertical offset position of shadow (0-255)</param>
            <param name="size">Width of shadow, added to the width of the layer (0-255)</param>
            <param name="transparency">Visibility of shadow (0-255)</param>
        </member>
        <member name="M:Spyder.Client.Net.ISpyderClient.AdjustLayerShadow(System.Int32,System.Int32,System.Int32,System.Int32,System.Int32,System.Int32)">
            <summary>
            Adjusts shadow properties on a layer
            </summary>
            <param name="layerID">LayerID to adjust</param>
            <param name="hPosition">Horizontal offset position of shadow (0-255)</param>
            <param name="vPosition">Vertical offset position of shadow (0-255)</param>
            <param name="size">Width of shadow, added to the width of the layer (0-255)</param>
            <param name="transparency">Visibility of shadow (0-255)</param>
            <param name="outsideSoftness">Number of pixels for the outside softness blend (0-255)</param>
        </member>
        <member name="M:Spyder.Client.Net.ISpyderClient.AdjustLayerCrop(System.Nullable{System.Double},System.Nullable{System.Double},System.Nullable{System.Double},System.Nullable{System.Double},System.Int32[])">
            <summary>
            Applies crop parameters to one or more specified layers
            </summary>
            <param name="leftCrop">Percentage of left crop to set on the layer (0.0 to 1.0)</param>
            <param name="rightCrop">Percentage of right crop to set on the layer (0.0 to 1.0)</param>
            <param name="topCrop">Percentage of top crop to set on the layer (0.0 to 1.0)</param>
            <param name="bottomCrop">Percentage of bottom crop to set on the layer (0.0 to 1.0)</param>
            <param name="layerIDs">Layer ID(s) to apply crop settings to</param>
            <returns></returns>
        </member>
        <member name="M:Spyder.Client.Net.ISpyderClient.ResetLayerCrop(System.Int32[])">
            <summary>
            Resets the crop on one or more specified layers
            </summary>
            <param name="layerIDs">Layer ID(s) to reset crop on</param>
        </member>
        <member name="M:Spyder.Client.Net.ISpyderClient.AdjustLayerZoomPan(System.Int32,Spyder.Client.Net.AdjustmentType,System.Double,System.Int32,System.Int32)">
            <summary>
            Applies a zoom/pan adjustment to a specified layer
            </summary>
            <param name="layerID">Layer ID to adjust</param>
            <param name="type">Absolute or Relative setting</param>
            <param name="zoom">Zoom value (0.0 to 20.0)</param>
            <param name="horizontalPan">Pixel offset value for pan (-2048 to 2048)</param>
            <param name="verticalPan">Pixel offset value for pan (-2048 to 2048)</param>
        </member>
        <member name="M:Spyder.Client.Net.ISpyderClient.ResetLayerZoomPan(System.Int32)">
            <summary>
            Resets zoom/pan to default values
            </summary>
            <param name="layerID">Layer ID to reset zoom/pan values for</param>
        </member>
        <member name="M:Spyder.Client.Net.ISpyderClient.LayerAssignPixelSpace(System.Int32,System.Boolean,System.Int32[])">
            <summary>
            Assigns one or more layers to a pixelspace
            </summary>
            <param name="pixelSpaceID">PixelSpace ID to assign layer(s) to</param>
            <param name="makeLayerVisible">When true, layer(s) will </param>
            <param name="layerIDs"></param>
            <returns></returns>
        </member>
        <member name="M:Spyder.Client.Net.ISpyderClient.GetRunningCommandKeyCue(System.Int32)">
            <summary>
            Gets the script cue currently running, or -1 if the script is not currently running on any layers
            </summary>
        </member>
        <member name="T:Spyder.Client.Net.QFTClient">
            <summary>
            Supports the client side Spyder Quick File Transfer (QFT) protocol for handling file transfers
            </summary>
        </member>
        <member name="M:Spyder.Client.Net.QFTClient.ConvertAbsolutePathToRelative(System.String)">
            <summary>
            Converts an absolute (c:\...) filename to  a root relative name for QFT
            </summary>
            <param name="absoluteFile"></param>
            <returns></returns>
        </member>
        <member name="M:Spyder.Client.Net.QFTClient.ReceiveBytes(System.String,System.Byte[]@,System.Boolean,System.Int32)">
            <summary>
            Sends a command to the connected QFT Server and stores response into provided byte[] buffer.
            </summary>
            <param name="SendCommand">Command To Send</param>
            <param name="ReceiveBuffer">Buffer to receive command into</param>
            /// <param name="autoAttemptRecoverConnection">Determines whether or not to attemmpt to ensure connection and auto-reset the connection if connection check fails.</param>
            <returns>number of bytes received</returns>
        </member>
        <member name="M:Spyder.Client.Net.QFTClient.ReceiveBytes(System.Byte[],System.Byte[],System.Boolean,System.Int32)">
            <summary>
            Sends a command to the connected QFT Server and stores response into provided byte[] buffer.
            </summary>
            <param name="SendCommand">Command To Send, or set to string.Empty to receive only</param>
            <param name="ReceiveBuffer">Buffer to receive command into.  Setting to 0 bytes will cause method not to attempt receiving.</param>
            <param name="autoAttemptRecoverConnection">Determines whether or not to attemmpt to ensure connection and auto-reset the connection if connection check fails.</param>
            <returns>number of bytes received</returns>
        </member>
        <member name="M:Spyder.Client.Net.QFTClient.Ping(System.Boolean)">
            <summary>
            Generic ping method, allows client to verify server connectivity
            </summary>
            <returns>true for successful response, false for failure</returns>
        </member>
        <member name="M:Spyder.Client.Net.QFTClient.GetRemoteTimeOffset">
            <summary>
            Gets the difference between the client (local) time and the server
            </summary>
            <returns></returns>
        </member>
        <member name="M:Spyder.Client.Net.QFTClient.GetCreationTime(System.String)">
            <summary>
            Gets the Creation Time property on a specified file
            </summary>
            <param name="RemoteFile">File name to retrieve creation time for.  This is QFT server root relative.</param>
            <returns></returns>
        </member>
        <member name="M:Spyder.Client.Net.QFTClient.SetModifiedTime(System.String,System.DateTime)">
            <summary>
            Sets the modification time on a specified file
            </summary>
            <param name="remoteFile"></param>
            <param name="newTime">Local time to set remote file to.</param>
        </member>
        <member name="M:Spyder.Client.Net.QFTClient.GetModifiedTime(System.String)">
            <summary>
            Gets the last Modification (write) Time property on a specified file
            </summary>
            <param name="remoteFile">File name to retrieve modify time for.  This is QFT server root relative.</param>
            <returns></returns>
        </member>
        <member name="M:Spyder.Client.Net.QFTClient.GetFiles(System.String)">
            <summary>
            Gets a list of files in a specified directory
            </summary>
            <param name="directory">Server root relative directory to get file list from</param>
            <returns></returns>
        </member>
        <member name="M:Spyder.Client.Net.QFTClient.GetDirectories(System.String)">
            <summary>
            Gets a list of files in a specified directory
            </summary>
            <param name="directory">Server root relative directory to get file list from</param>
            <returns></returns>
        </member>
        <member name="M:Spyder.Client.Net.QFTClient.DeleteFile(System.String)">
            <summary>
            Deletes a single file from the remote server
            </summary>
            <param name="remoteFile">Server root relative file path to delete</param>
            <returns></returns>
        </member>
        <member name="M:Spyder.Client.Net.QFTClient.DeleteDirectory(System.String)">
            <summary>
            Deletes a directory recursively from the remote server
            </summary>
            <param name="remoteDirectory">Server root relative directory path to delete</param>
            <returns></returns>
        </member>
        <member name="M:Spyder.Client.Net.QFTClient.CreateDirectory(System.String)">
            <summary>
            Creates a directory on the remote server
            </summary>
            <param name="remoteDirectory">Server root relative directory to create</param>
            <returns></returns>
        </member>
        <member name="M:Spyder.Client.Net.QFTClient.SendFile(System.IO.Stream,System.String,Spyder.Client.Net.FileProgressDelegate)">
            <summary>
            Sends a local file to the remote server
            </summary>
            <param name="remoteFile">Remote file location to sent to (server root relative)</param>
            <returns>true for success, false for failure</returns>
        </member>
        <member name="M:Spyder.Client.Net.QFTClient.FileExists(System.String)">
            <summary>
            Checks remote server for existance of a specified file
            </summary>
            <param name="remoteFile">File to check for.</param>
            <returns>True if file exists, false if not</returns>
        </member>
        <member name="M:Spyder.Client.Net.QFTClient.requestServerDisconnect">
            <summary>
            Sends a request for the remote server to shutdown communication with this client.
            This should be called as part of a clean shutdown.
            </summary>
            <returns></returns>
        </member>
        <member name="M:Spyder.Client.Net.QFTClient.DirectoryExists(System.String)">
            <summary>
            Checks remote server for existance of a specified file
            </summary>
            <param name="remoteDirectory">Directory to check for</param>
            <returns>True if file exists, false if not</returns>
        </member>
        <member name="M:Spyder.Client.Net.QFTClient.ReceiveFile(System.String,System.IO.Stream,Spyder.Client.Net.FileProgressDelegate)">
            <summary>
            Receives a remote file to a local stream instance.
            </summary>
            <param name="remoteFile">Remote file name to receive.</param>
            <param name="destination">Destination stream to write remote file to.</param>
            <returns></returns>
        </member>
        <member name="M:Spyder.Client.Net.QFTClient.GetFileSize(System.String)">
            <summary>
            Gets length of a remote file in bytes.
            </summary>
            <param name="remoteFile">Server root relative path of file to get size of.</param>
            <returns>long value of file size, or 0 if file does not exist.</returns>
        </member>
        <member name="T:Spyder.Client.Net.ServerOperationResult">
            <summary>
            Stores the results of a client request / operation
            </summary>
        </member>
        <member name="P:Spyder.Client.Net.ServerOperationResult.ExecutionPriorityLevel">
            <summary>
            Priority level the task actually executed at
            </summary>
        </member>
        <member name="T:Spyder.Client.Net.ServerOperationResultCode">
            <summary>
            Result codes which can be returned from a Spyder server from a client request
            </summary>
        </member>
        <member name="M:Spyder.Client.Net.SpyderUdpClient.AdjustLayerOutsideSoftness(System.Int32,System.Int32)">
            <summary>
            Sets outside softness on the layer.  When a non-zero value is entered, border settings will be disabled
            </summary>
            <param name="layerID">LayerID to adjust</param>
            <param name="outsideSoftnessThickness">Outside softness in pixels (0-255)</param>
            <returns></returns>
        </member>
        <member name="M:Spyder.Client.Net.SpyderUdpClient.AdjustLayerBorder(System.Int32,System.Int32)">
            <summary>
            Adjusts the border properties of a layer
            </summary>
            <param name="layerID">LayerID to adjust</param>
            <param name="borderThickness">Width of border in pixels (0-255)</param>
        </member>
        <member name="M:Spyder.Client.Net.SpyderUdpClient.AdjustLayerBorder(System.Int32,System.Int32,Knightware.Primitives.Color)">
            <summary>
            Adjusts the border properties of a layer
            </summary>
            <param name="layerID">LayerID to adjust</param>
            <param name="borderThickness">Width of border in pixels (0-255)</param>
            <param name="borderColor">Border color</param>
        </member>
        <member name="M:Spyder.Client.Net.SpyderUdpClient.AdjustLayerBorder(System.Int32,System.Int32,Knightware.Primitives.Color,System.Int32,System.Int32)">
            <summary>
            Adjusts the border properties of a layer
            </summary>
            <param name="layerID">LayerID to adjust</param>
            <param name="borderThickness">Width of border in pixels (0-255)</param>
            <param name="borderColor">Border color</param>
            <param name="hBevel">Luminance offset for left/right border edges (0-255)</param>
            <param name="vBevel">Luminance offset for top/bottom border edges (0-255)</param>
        </member>
        <member name="M:Spyder.Client.Net.SpyderUdpClient.AdjustLayerBorder(System.Int32,System.Int32,Knightware.Primitives.Color,System.Int32,System.Int32,System.Int32)">
            <summary>
            Adjusts the border properties of a layer
            </summary>
            <param name="layerID">LayerID to adjust</param>
            <param name="borderThickness">Width of border in pixels (0-255)</param>
            <param name="borderColor">Border color</param>
            <param name="hBevel">Luminance offset for left/right border edges (0-255)</param>
            <param name="vBevel">Luminance offset for top/bottom border edges (0-255)</param>
            <param name="insideSoftness">Number of pixels to blend the border into the source image (0-255)</param>
            <returns></returns>
        </member>
        <member name="M:Spyder.Client.Net.SpyderUdpClient.AdjustLayerShadow(System.Int32,System.Int32,System.Int32)">
            <summary>
            Adjusts shadow properties on a layer
            </summary>
            <param name="layerID">LayerID to adjust</param>
            <param name="hPosition">Horizontal offset position of shadow (0-255)</param>
            <param name="vPosition">Vertical offset position of shadow (0-255)</param>
        </member>
        <member name="M:Spyder.Client.Net.SpyderUdpClient.AdjustLayerShadow(System.Int32,System.Int32,System.Int32,System.Int32)">
            <summary>
            Adjusts shadow properties on a layer
            </summary>
            <param name="layerID">LayerID to adjust</param>
            <param name="hPosition">Horizontal offset position of shadow (0-255)</param>
            <param name="vPosition">Vertical offset position of shadow (0-255)</param>
            <param name="size">Width of shadow, added to the width of the layer (0-255)</param>
        </member>
        <member name="M:Spyder.Client.Net.SpyderUdpClient.AdjustLayerShadow(System.Int32,System.Int32,System.Int32,System.Int32,System.Int32)">
            <summary>
            Adjusts shadow properties on a layer
            </summary>
            <param name="layerID">LayerID to adjust</param>
            <param name="hPosition">Horizontal offset position of shadow (0-255)</param>
            <param name="vPosition">Vertical offset position of shadow (0-255)</param>
            <param name="size">Width of shadow, added to the width of the layer (0-255)</param>
            <param name="transparency">Visibility of shadow (0-255)</param>
        </member>
        <member name="M:Spyder.Client.Net.SpyderUdpClient.AdjustLayerShadow(System.Int32,System.Int32,System.Int32,System.Int32,System.Int32,System.Int32)">
            <summary>
            Adjusts shadow properties on a layer
            </summary>
            <param name="layerID">LayerID to adjust</param>
            <param name="hPosition">Horizontal offset position of shadow (0-255)</param>
            <param name="vPosition">Vertical offset position of shadow (0-255)</param>
            <param name="size">Width of shadow, added to the width of the layer (0-255)</param>
            <param name="transparency">Visibility of shadow (0-255)</param>
            <param name="outsideSoftness">Number of pixels for the outside softness blend (0-255)</param>
        </member>
        <member name="M:Spyder.Client.Net.SpyderUdpClient.AdjustLayerCrop(System.Nullable{System.Double},System.Nullable{System.Double},System.Nullable{System.Double},System.Nullable{System.Double},System.Int32[])">
            <summary>
            Applies crop parameters to one or more specified layers
            </summary>
            <param name="leftCrop">Percentage of left crop to set on the layer (0.0 to 1.0)</param>
            <param name="rightCrop">Percentage of right crop to set on the layer (0.0 to 1.0)</param>
            <param name="topCrop">Percentage of top crop to set on the layer (0.0 to 1.0)</param>
            <param name="bottomCrop">Percentage of bottom crop to set on the layer (0.0 to 1.0)</param>
            <param name="layerIDs">Layer ID(s) to apply crop settings to</param>
            <returns></returns>
        </member>
        <member name="M:Spyder.Client.Net.SpyderUdpClient.ResetLayerCrop(System.Int32[])">
            <summary>
            Resets the crop on one or more specified layers
            </summary>
            <param name="layerIDs">Layer ID(s) to reset crop on</param>
        </member>
        <member name="M:Spyder.Client.Net.SpyderUdpClient.AdjustLayerZoomPan(System.Int32,Spyder.Client.Net.AdjustmentType,System.Double,System.Int32,System.Int32)">
            <summary>
            Applies a zoom/pan adjustment to a specified layer
            </summary>
            <param name="layerID">Layer ID to adjust</param>
            <param name="type">Absolute or Relative setting</param>
            <param name="zoom">Zoom value (0.0 to 20.0)</param>
            <param name="horizontalPan">Pixel offset value for pan (-2048 to 2048)</param>
            <param name="verticalPan">Pixel offset value for pan (-2048 to 2048)</param>
        </member>
        <member name="M:Spyder.Client.Net.SpyderUdpClient.ResetLayerZoomPan(System.Int32)">
            <summary>
            Resets zoom/pan to default values
            </summary>
            <param name="layerID">Layer ID to reset zoom/pan values for</param>
        </member>
        <member name="M:Spyder.Client.Net.SpyderUdpClient.LayerAssignPixelSpace(System.Int32,System.Boolean,System.Int32[])">
            <summary>
            Assigns one or more layers to a pixelspace
            </summary>
            <param name="pixelSpaceID">PixelSpace ID to assign layer(s) to</param>
            <param name="makeLayerVisible">When true, layer(s) will </param>
            <param name="layerIDs"></param>
            <returns></returns>
        </member>
        <member name="M:Spyder.Client.Net.SpyderUdpClient.RunCommandQueueWorkerAsync">
            <summary>
            Worker that processes the retrieve queue while the client is started
            </summary>
        </member>
        <member name="P:Spyder.Client.Net.SpyderDemoClient.DrawingDataThrottleInterval">
            <summary>
            Defines a throttle for maximum drawing data event raising (per Spyder server).  Setting to 1 second, for example, will ensure DrawingData does not fire more than once per second.  Set to TimeSpan.Zero (default) to disable throttling.
            </summary>
        </member>
        <member name="T:Spyder.Client.Net.SpyderDemoServer">
            <summary>
            Container class for a mock dataset for a Spyder server
            </summary>
        </member>
        <member name="M:Spyder.Client.Net.SpyderDemoServer.AdjustLayerOutsideSoftness(System.Int32,System.Int32)">
            <summary>
            Sets outside softness on the layer.  When a non-zero value is entered, border settings will be disabled
            </summary>
            <param name="layerID">LayerID to adjust</param>
            <param name="outsideSoftnessThickness">Outside softness in pixels (0-255)</param>
            <returns></returns>
        </member>
        <member name="M:Spyder.Client.Net.SpyderDemoServer.AdjustLayerBorder(System.Int32,System.Int32)">
            <summary>
            Adjusts the border properties of a layer
            </summary>
            <param name="layerID">LayerID to adjust</param>
            <param name="borderThickness">Width of border in pixels (0-255)</param>
        </member>
        <member name="M:Spyder.Client.Net.SpyderDemoServer.AdjustLayerBorder(System.Int32,System.Int32,Knightware.Primitives.Color)">
            <summary>
            Adjusts the border properties of a layer
            </summary>
            <param name="layerID">LayerID to adjust</param>
            <param name="borderThickness">Width of border in pixels (0-255)</param>
            <param name="borderColor">Border color</param>
        </member>
        <member name="M:Spyder.Client.Net.SpyderDemoServer.AdjustLayerBorder(System.Int32,System.Int32,Knightware.Primitives.Color,System.Int32,System.Int32)">
            <summary>
            Adjusts the border properties of a layer
            </summary>
            <param name="layerID">LayerID to adjust</param>
            <param name="borderThickness">Width of border in pixels (0-255)</param>
            <param name="borderColor">Border color</param>
            <param name="hBevel">Luminance offset for left/right border edges (0-255)</param>
            <param name="vBevel">Luminance offset for top/bottom border edges (0-255)</param>
        </member>
        <member name="M:Spyder.Client.Net.SpyderDemoServer.AdjustLayerBorder(System.Int32,System.Int32,Knightware.Primitives.Color,System.Int32,System.Int32,System.Int32)">
            <summary>
            Adjusts the border properties of a layer
            </summary>
            <param name="layerID">LayerID to adjust</param>
            <param name="borderThickness">Width of border in pixels (0-255)</param>
            <param name="borderColor">Border color</param>
            <param name="hBevel">Luminance offset for left/right border edges (0-255)</param>
            <param name="vBevel">Luminance offset for top/bottom border edges (0-255)</param>
            <param name="insideSoftness">Number of pixels to blend the border into the source image (0-255)</param>
            <returns></returns>
        </member>
        <member name="M:Spyder.Client.Net.SpyderDemoServer.AdjustLayerShadow(System.Int32,System.Int32,System.Int32)">
            <summary>
            Adjusts shadow properties on a layer
            </summary>
            <param name="layerID">LayerID to adjust</param>
            <param name="hPosition">Horizontal offset position of shadow (0-255)</param>
            <param name="vPosition">Vertical offset position of shadow (0-255)</param>
        </member>
        <member name="M:Spyder.Client.Net.SpyderDemoServer.AdjustLayerShadow(System.Int32,System.Int32,System.Int32,System.Int32)">
            <summary>
            Adjusts shadow properties on a layer
            </summary>
            <param name="layerID">LayerID to adjust</param>
            <param name="hPosition">Horizontal offset position of shadow (0-255)</param>
            <param name="vPosition">Vertical offset position of shadow (0-255)</param>
            <param name="size">Width of shadow, added to the width of the layer (0-255)</param>
        </member>
        <member name="M:Spyder.Client.Net.SpyderDemoServer.AdjustLayerShadow(System.Int32,System.Int32,System.Int32,System.Int32,System.Int32)">
            <summary>
            Adjusts shadow properties on a layer
            </summary>
            <param name="layerID">LayerID to adjust</param>
            <param name="hPosition">Horizontal offset position of shadow (0-255)</param>
            <param name="vPosition">Vertical offset position of shadow (0-255)</param>
            <param name="size">Width of shadow, added to the width of the layer (0-255)</param>
            <param name="transparency">Visibility of shadow (0-255)</param>
        </member>
        <member name="M:Spyder.Client.Net.SpyderDemoServer.AdjustLayerShadow(System.Int32,System.Int32,System.Int32,System.Int32,System.Int32,System.Int32)">
            <summary>
            Adjusts shadow properties on a layer
            </summary>
            <param name="layerID">LayerID to adjust</param>
            <param name="hPosition">Horizontal offset position of shadow (0-255)</param>
            <param name="vPosition">Vertical offset position of shadow (0-255)</param>
            <param name="size">Width of shadow, added to the width of the layer (0-255)</param>
            <param name="transparency">Visibility of shadow (0-255)</param>
            <param name="outsideSoftness">Number of pixels for the outside softness blend (0-255)</param>
        </member>
        <member name="M:Spyder.Client.Net.SpyderDemoServer.AdjustLayerCrop(System.Nullable{System.Double},System.Nullable{System.Double},System.Nullable{System.Double},System.Nullable{System.Double},System.Int32[])">
            <summary>
            Applies crop parameters to one or more specified layers
            </summary>
            <param name="leftCrop">Percentage of left crop to set on the layer (0.0 to 1.0)</param>
            <param name="rightCrop">Percentage of right crop to set on the layer (0.0 to 1.0)</param>
            <param name="topCrop">Percentage of top crop to set on the layer (0.0 to 1.0)</param>
            <param name="bottomCrop">Percentage of bottom crop to set on the layer (0.0 to 1.0)</param>
            <param name="layerIDs">Layer ID(s) to apply crop settings to</param>
            <returns></returns>
        </member>
        <member name="M:Spyder.Client.Net.SpyderDemoServer.LayerAssignPixelSpace(System.Int32,System.Boolean,System.Int32[])">
            <summary>
            Assigns one or more layers to a pixelspace
            </summary>
            <param name="pixelSpaceID">PixelSpace ID to assign layer(s) to</param>
            <param name="makeLayerVisible">When true, layer(s) will </param>
            <param name="layerIDs"></param>
            <returns></returns>
        </member>
        <member name="T:Spyder.Client.SpyderClientManagerBase">
            <summary>
            Listens for Spyder UDP messages and maintains a list of BindableSpyderClient instances for all discovered servers
            </summary>
        </member>
        <member name="P:Spyder.Client.SpyderClientManagerBase.RaiseDrawingDataChanged">
            <summary>
            Determines if the DrawingDataChanged event should be fired from this class.  Setting to true will cause this
            </summary>
        </member>
        <member name="F:Spyder.Client.SpyderClientManagerBase.spyderServersInitializing">
            <summary>
            Contains client instances that are being initialized in the background, and are not yet ready to be displayed
            </summary>
        </member>
        <member name="T:Spyder.Client.Threading.Tasks.AsyncListProcessor`1">
            <summary>
            Manages a collection of items which can be added to in a thread-safe mannor, and will be processed sequentially
            </summary>
            <typeparam name="T"></typeparam>
        </member>
        <member name="P:Spyder.Client.Threading.Tasks.AsyncListProcessor`1.MaximumQueueCount">
            <summary>
            Maximimum items to allow to be in the queue, or 0 for no limit
            </summary>
        </member>
        <member name="M:Spyder.Client.Threading.Tasks.AsyncListProcessorItemEventArgs`1.Peek">
            <summary>
            Gets the next item in the processor list, without removing that item
            </summary>
        </member>
        <member name="M:Spyder.Client.Threading.Tasks.AsyncListProcessorItemEventArgs`1.ProcessItems(System.Collections.Generic.IEnumerable{`0})">
            <summary>
            Processes one or more items immediately, allowing them to be run in-line with the outer item being processed
            </summary>
        </member>
        <member name="M:Spyder.Client.Threading.Tasks.AsyncListProcessorItemEventArgs`1.ProcessItem(`0)">
            <summary>
            Processes a provided item immediately, allowing it to be run in-line with the outer item being processed
            </summary>
        </member>
        <member name="T:Spyder.Client.Threading.Tasks.AutoResetWorker">
            <summary>
            Worker class wrapped around an AsyncAutoResetEvent which provisions a worker thread to run when the AutoResetEvent is signalled
            </summary>
        </member>
        <member name="P:Spyder.Client.Threading.Tasks.AutoResetWorker.PeriodicSignallingTime">
            <summary>
            When set, will automatically trigger the update method at a defined interval if not triggered manually.  Set to Timeout.InfiniteTimeSpan to disable.
            </summary>
        </member>
        <member name="F:Spyder.Client.Threading.Tasks.AutoResetWorker.checkForContinueMethod">
            <summary>
            Executed before each iteration of the worker to determine if it should still be runing
            </summary>
        </member>
        <member name="F:Spyder.Client.Threading.Tasks.AutoResetWorker.workerMethod">
            <summary>
            Worker method run upon each iteration
            </summary>
        </member>
        <member name="M:Spyder.Client.Threading.Tasks.AutoResetWorker.Set">
            <summary>
            Signals the AutoResetEvent
            </summary>
        </member>
        <member name="T:Spyder.Client.Threading.Tasks.RequestDeferral">
            <summary>
            Token provided to asynchronous callers to help serialize asynchronous operations.
            </summary>
        </member>
        <member name="E:Spyder.Client.ViewModels.Drawing.ViewStackProvider.RepositionRequested">
            <summary>
            Event raised when a viewstack reposition operation is needed
            </summary>
        </member>
        <member name="M:Spyder.Client.ViewModels.Drawing.ViewStackProvider.GetPixelSpacePosition(System.Int32)">
            <summary>
            Returns the new position for a specified PixelSpaceID, or null if the pixelspace should not be visible
            </summary>
        </member>
        <member name="M:Spyder.Client.ViewModels.Drawing.ViewStackProvider.GetPixelSpacePositionOffset(System.Int32)">
            <summary>
            Gets the offset to be applied to the PixelSpace location, in pixels, or null if the pixelspace should not be visible
            </summary>
        </member>
    </members>
</doc>
